{
  "acc": 0.8329853862212944,
  "macro_f1": 0.8204897904291185,
  "kappa": 0.8271382172500903
}