{
  "metadata": {
    "total_images": 2992,
    "num_classes": 30,
    "deep_img_size": 256,
    "feature_size": 256,
    "backbone-1": "efficientnet_b0",
    "backbone-2": "resnet50",
    "epochs": 40,
    "skip_traditional": false
  },
  "traditional": {
    "hog": {
      "logreg": {
        "val_acc": 0.6754176610978521,
        "val_macro_f1": 0.6670145138627793,
        "val_kappa": 0.6641520109387524,
        "test_acc": 0.6847599164926931,
        "test_macro_f1": 0.6743148330895262,
        "test_kappa": 0.6736733349575449,
        "train_time_s": 1.7356212139129639
      },
      "svm_linear": {
        "val_acc": 0.6324582338902148,
        "val_macro_f1": 0.6103999023361175,
        "val_kappa": 0.6196880930769866,
        "test_acc": 0.6764091858037579,
        "test_macro_f1": 0.6526793969054254,
        "test_kappa": 0.6650651869896693,
        "train_time_s": 6409.671644449234
      },
      "knn": {
        "val_acc": 0.3054892601431981,
        "val_macro_f1": 0.30385232432419357,
        "val_kappa": 0.2812697102773438,
        "test_acc": 0.2839248434237996,
        "test_macro_f1": 0.28708726601905155,
        "test_kappa": 0.25889522400447473,
        "train_time_s": 0.6699340343475342
      },
      "rf": {
        "val_acc": 0.6610978520286396,
        "val_macro_f1": 0.6545919235575508,
        "val_kappa": 0.6491159784390739,
        "test_acc": 0.6638830897703549,
        "test_macro_f1": 0.650588257784556,
        "test_kappa": 0.6519335271072918,
        "train_time_s": 223.64057064056396
      }
    },
    "lbp": {
      "logreg": {
        "val_acc": 0.2720763723150358,
        "val_macro_f1": 0.24417211602714958,
        "val_kappa": 0.24658059191133108,
        "test_acc": 0.2755741127348643,
        "test_macro_f1": 0.25105984274106985,
        "test_kappa": 0.25033037909027356,
        "train_time_s": 1.4525339603424072
      },
      "svm_linear": {
        "val_acc": 0.25059665871121717,
        "val_macro_f1": 0.20032473000970252,
        "val_kappa": 0.22453141577272184,
        "test_acc": 0.24217118997912318,
        "test_macro_f1": 0.19823425469726172,
        "test_kappa": 0.21588018832187905,
        "train_time_s": 0.8564128875732422
      },
      "knn": {
        "val_acc": 0.3556085918854415,
        "val_macro_f1": 0.32655034930414684,
        "val_kappa": 0.33288910379639347,
        "test_acc": 0.3778705636743215,
        "test_macro_f1": 0.3554718983050537,
        "test_kappa": 0.35581088887284273,
        "train_time_s": 0.002121448516845703
      },
      "rf": {
        "val_acc": 0.630071599045346,
        "val_macro_f1": 0.6049867634691786,
        "val_kappa": 0.6171869473982033,
        "test_acc": 0.6534446764091858,
        "test_macro_f1": 0.6328309006950424,
        "test_kappa": 0.6413069465934671,
        "train_time_s": 20.524378299713135
      }
    },
    "glcm": {
      "logreg": {
        "val_acc": 0.3221957040572792,
        "val_macro_f1": 0.30567377190341016,
        "val_kappa": 0.298372641509434,
        "test_acc": 0.3444676409185804,
        "test_macro_f1": 0.3292774788578278,
        "test_kappa": 0.32156034894945285,
        "train_time_s": 3.8066155910491943
      },
      "svm_linear": {
        "val_acc": 0.3723150357995227,
        "val_macro_f1": 0.34841231112465404,
        "val_kappa": 0.35062493738840406,
        "test_acc": 0.37160751565762007,
        "test_macro_f1": 0.33756308839816007,
        "test_kappa": 0.3498949399850301,
        "train_time_s": 3.9186928272247314
      },
      "knn": {
        "val_acc": 0.36515513126491644,
        "val_macro_f1": 0.32427617207294435,
        "val_kappa": 0.34288460064500526,
        "test_acc": 0.38413361169102295,
        "test_macro_f1": 0.3459579208544957,
        "test_kappa": 0.3623909718117291,
        "train_time_s": 0.00678253173828125
      },
      "rf": {
        "val_acc": 0.6252983293556086,
        "val_macro_f1": 0.6022235951768278,
        "val_kappa": 0.6122291386668552,
        "test_acc": 0.6388308977035491,
        "test_macro_f1": 0.6143198103659774,
        "test_kappa": 0.6261627854519863,
        "train_time_s": 37.08801245689392
      }
    },
    "edge": {
      "logreg": {
        "val_acc": 0.19809069212410502,
        "val_macro_f1": 0.18125866311796207,
        "val_kappa": 0.1701160672706803,
        "test_acc": 0.1941544885177453,
        "test_macro_f1": 0.1664253351834474,
        "test_kappa": 0.16611493464907134,
        "train_time_s": 0.7674756050109863
      },
      "svm_linear": {
        "val_acc": 0.2052505966587112,
        "val_macro_f1": 0.1581281184111373,
        "val_kappa": 0.1778068485159192,
        "test_acc": 0.19206680584551147,
        "test_macro_f1": 0.14894417055373474,
        "test_kappa": 0.16413179241837383,
        "train_time_s": 0.8237771987915039
      },
      "knn": {
        "val_acc": 0.3794749403341289,
        "val_macro_f1": 0.3520491398352719,
        "val_kappa": 0.35760827903411263,
        "test_acc": 0.3695198329853862,
        "test_macro_f1": 0.3418550242784471,
        "test_kappa": 0.34719057009923593,
        "train_time_s": 0.010399103164672852
      },
      "rf": {
        "val_acc": 0.6229116945107399,
        "val_macro_f1": 0.6050371478251007,
        "val_kappa": 0.6097293537148281,
        "test_acc": 0.6200417536534447,
        "test_macro_f1": 0.6008000791106594,
        "test_kappa": 0.606746540120171,
        "train_time_s": 22.61793279647827
      }
    },
    "fused": {
      "logreg": {
        "val_acc": 0.6730310262529833,
        "val_macro_f1": 0.660358407256182,
        "val_kappa": 0.6616925098864312,
        "test_acc": 0.7014613778705637,
        "test_macro_f1": 0.6926999885205753,
        "test_kappa": 0.6910053817040107,
        "train_time_s": 12.270292043685913
      },
      "svm_linear": {
        "val_acc": 0.630071599045346,
        "val_macro_f1": 0.6076498736464037,
        "val_kappa": 0.6172433506014369,
        "test_acc": 0.6805845511482255,
        "test_macro_f1": 0.6567553586362437,
        "test_kappa": 0.6694018404907975,
        "train_time_s": 35506.48047018051
      },
      "knn": {
        "val_acc": 0.30071599045346065,
        "val_macro_f1": 0.2998582121756324,
        "val_kappa": 0.2763299832002123,
        "test_acc": 0.2860125260960334,
        "test_macro_f1": 0.28900137480167554,
        "test_kappa": 0.2610392129443765,
        "train_time_s": 0.8266804218292236
      },
      "rf": {
        "val_acc": 0.639618138424821,
        "val_macro_f1": 0.623139911714179,
        "val_kappa": 0.6269252541453405,
        "test_acc": 0.6638830897703549,
        "test_macro_f1": 0.6416916291398282,
        "test_kappa": 0.6520670068441545,
        "train_time_s": 141.15992331504822
      }
    }
  },
  "backbone-1_efficientnet_b0":{
    "deep_val": {
      "acc": 0.9792099792099792,
      "macro_f1": 0.9753633187095846,
      "kappa": 0.9784699061110851
    },
    "deep_test": {
      "acc": 0.9815447710184553,
      "macro_f1": 0.9716773525751581,
      "kappa": 0.9808883699401829
    },
    "deep_features_rf": {
      "val_acc": 0.9544929544929545,
      "val_macro_f1": 0.9371926913656737,
      "val_kappa": 0.9528752198165079,
      "test_acc": 0.9578491683754842,
      "test_macro_f1": 0.9409409302143064,
      "test_kappa": 0.9563486572278934,
      "train_time_s": 513.9924864768982
    }
  },
  "backbone-2_resnet50":{
    "deep_val": {
      "acc": 0.9801339801339801,
      "macro_f1": 0.9717136765999677,
      "kappa": 0.9794267991728147
    },
    "deep_test": {
      "acc": 0.9804055593529277,
      "macro_f1": 0.9705799765566557,
      "kappa": 0.9797086396895769
    },
    "deep_features_rf": {
      "val_acc": 0.9581889581889582,
      "val_macro_f1": 0.9431974125269238,
      "val_kappa": 0.9567029504748646,
      "test_acc": 0.9589883800410116,
      "test_macro_f1": 0.939404814967028,
      "test_kappa": 0.9575297109781843,