{
  "val_acc": 0.4081145584725537,
  "val_macro_f1": 0.3753340848288851,
  "val_kappa": 0.38762184269768873,
  "test_acc": 0.4321503131524008,
  "test_macro_f1": 0.40553163026621913,
  "test_kappa": 0.41254818856099384,
  "train_time_s": 42.85062909126282
}