{
  "acc": 0.8580375782881002,
  "macro_f1": 0.8447130441774001,
  "kappa": 0.8530674846625768
}