{
  "val_acc": 0.9815754339118825,
  "val_macro_f1": 0.9815781544053649,
  "val_kappa": 0.980940104046775,
  "test_acc": 0.9824678206835331,
  "test_macro_f1": 0.9824711723133941,
  "test_kappa": 0.9818632627760687,
  "train_time_s": 26653.022788524628
}