{
  "acc": 0.9955170883266755,
  "macro_f1": 0.9955158373802887,
  "kappa": 0.9953625051655264
}