{
  "acc": 0.9817726133515607,
  "macro_f1": 0.9730988085068103,
  "kappa": 0.9811241729125108
}