{
  "acc": 0.8392484342379958,
  "macro_f1": 0.8256402084317906,
  "kappa": 0.8335987656270443
}