{
  "val_acc": 0.5083532219570406,
  "val_macro_f1": 0.49368248341375043,
  "val_kappa": 0.491265088645794,
  "test_acc": 0.524008350730689,
  "test_macro_f1": 0.506270864194009,
  "test_kappa": 0.5074772255795076,
  "train_time_s": 8.524003744125366
}