,logreg,svm_linear,knn,rf
val_acc,0.034419034,0.034419034,0.034419034,0.034419034
val_macro_f1,0.002218252,0.002218252,0.002218252,0.002218252
val_kappa,0,0,0,0
test_acc,0.034404192,0.034404192,0.034404192,0.034404192
test_macro_f1,0.002217327,0.002217327,0.002217327,0.002217327
test_kappa,0,0,0,0
train_time_s,57.15614605,33538.05945,7.100640059,643.1078167
