,logreg,svm_linear,knn,rf
val_acc,0.2720763723150358,0.25059665871121717,0.3556085918854415,0.630071599045346
val_macro_f1,0.24417211602714958,0.20032473000970252,0.32655034930414684,0.6049867634691786
val_kappa,0.24658059191133108,0.22453141577272184,0.33288910379639347,0.6171869473982033
test_acc,0.2755741127348643,0.24217118997912318,0.3778705636743215,0.6534446764091858
test_macro_f1,0.25105984274106985,0.19823425469726172,0.3554718983050537,0.6328309006950424
test_kappa,0.25033037909027356,0.21588018832187905,0.35581088887284273,0.6413069465934671
train_time_s,0.8442373275756836,0.2591407299041748,0.0,10.055160522460938
