{
  "hog": {
    "logreg": {
      "val_acc": 0.6754176610978521,
      "val_macro_f1": 0.6670145138627793,
      "val_kappa": 0.6641520109387524,
      "test_acc": 0.6847599164926931,
      "test_macro_f1": 0.6743148330895262,
      "test_kappa": 0.6736733349575449,
      "train_time_s": 6.674420118331909
    },
    "svm_linear": {
      "val_acc": 0.6324582338902148,
      "val_macro_f1": 0.6103999023361175,
      "val_kappa": 0.6196880930769866,
      "test_acc": 0.6764091858037579,
      "test_macro_f1": 0.6526793969054254,
      "test_kappa": 0.6650651869896693,
      "train_time_s": 9716.322439193726
    },
    "knn": {
      "val_acc": 0.3054892601431981,
      "val_macro_f1": 0.30385232432419357,
      "val_kappa": 0.2812697102773438,
      "test_acc": 0.2839248434237996,
      "test_macro_f1": 0.28708726601905155,
      "test_kappa": 0.25889522400447473,
      "train_time_s": 0.6338720321655273
    },
    "rf": {
      "val_acc": 0.6610978520286396,
      "val_macro_f1": 0.6545919235575508,
      "val_kappa": 0.6491159784390739,
      "test_acc": 0.6638830897703549,
      "test_macro_f1": 0.650588257784556,
      "test_kappa": 0.6519335271072918,
      "train_time_s": 625.6385493278503
    }
  },
  "lbp": {
    "logreg": {
      "val_acc": 0.2720763723150358,
      "val_macro_f1": 0.24417211602714958,
      "val_kappa": 0.24658059191133108,
      "test_acc": 0.2755741127348643,
      "test_macro_f1": 0.25105984274106985,
      "test_kappa": 0.25033037909027356,
      "train_time_s": 0.8442373275756836
    },
    "svm_linear": {
      "val_acc": 0.25059665871121717,
      "val_macro_f1": 0.20032473000970252,
      "val_kappa": 0.22453141577272184,
      "test_acc": 0.24217118997912318,
      "test_macro_f1": 0.19823425469726172,
      "test_kappa": 0.21588018832187905,
      "train_time_s": 0.2591407299041748
    },
    "knn": {
      "val_acc": 0.3556085918854415,
      "val_macro_f1": 0.32655034930414684,
      "val_kappa": 0.33288910379639347,
      "test_acc": 0.3778705636743215,
      "test_macro_f1": 0.3554718983050537,
      "test_kappa": 0.35581088887284273,
      "train_time_s": 0.0
    },
    "rf": {
      "val_acc": 0.630071599045346,
      "val_macro_f1": 0.6049867634691786,
      "val_kappa": 0.6171869473982033,
      "test_acc": 0.6534446764091858,
      "test_macro_f1": 0.6328309006950424,
      "test_kappa": 0.6413069465934671,
      "train_time_s": 10.055160522460938
    }
  },
  "glcm": {
    "logreg": {
      "val_acc": 0.3221957040572792,
      "val_macro_f1": 0.30567377190341016,
      "val_kappa": 0.298372641509434,
      "test_acc": 0.3444676409185804,
      "test_macro_f1": 0.3292774788578278,
      "test_kappa": 0.32156034894945285,
      "train_time_s": 1.6544620990753174
    },
    "svm_linear": {
      "val_acc": 0.3723150357995227,
      "val_macro_f1": 0.34841231112465404,
      "val_kappa": 0.35062493738840406,
      "test_acc": 0.37160751565762007,
      "test_macro_f1": 0.33756308839816007,
      "test_kappa": 0.3498949399850301,
      "train_time_s": 1.0810794830322266
    },
    "knn": {
      "val_acc": 0.36515513126491644,
      "val_macro_f1": 0.32427617207294435,
      "val_kappa": 0.34288460064500526,
      "test_acc": 0.38413361169102295,
      "test_macro_f1": 0.3459579208544957,
      "test_kappa": 0.3623909718117291,
      "train_time_s": 0.0
    },
    "rf": {
      "val_acc": 0.6252983293556086,
      "val_macro_f1": 0.6022235951768278,
      "val_kappa": 0.6122291386668552,
      "test_acc": 0.6388308977035491,
      "test_macro_f1": 0.6143198103659774,
      "test_kappa": 0.6261627854519863,
      "train_time_s": 18.862505674362183
    }
  },
  "edge": {
    "logreg": {
      "val_acc": 0.19809069212410502,
      "val_macro_f1": 0.18125866311796207,
      "val_kappa": 0.1701160672706803,
      "test_acc": 0.1941544885177453,
      "test_macro_f1": 0.1664253351834474,
      "test_kappa": 0.16611493464907134,
      "train_time_s": 0.8089854717254639
    },
    "svm_linear": {
      "val_acc": 0.2052505966587112,
      "val_macro_f1": 0.1581281184111373,
      "val_kappa": 0.1778068485159192,
      "test_acc": 0.19206680584551147,
      "test_macro_f1": 0.14894417055373474,
      "test_kappa": 0.16413179241837383,
      "train_time_s": 0.3330869674682617
    },
    "knn": {
      "val_acc": 0.3794749403341289,
      "val_macro_f1": 0.3520491398352719,
      "val_kappa": 0.35760827903411263,
      "test_acc": 0.3695198329853862,
      "test_macro_f1": 0.3418550242784471,
      "test_kappa": 0.34719057009923593,
      "train_time_s": 0.0
    },
    "rf": {
      "val_acc": 0.6229116945107399,
      "val_macro_f1": 0.6050371478251007,
      "val_kappa": 0.6097293537148281,
      "test_acc": 0.6200417536534447,
      "test_macro_f1": 0.6008000791106594,
      "test_kappa": 0.606746540120171,
      "train_time_s": 12.023792505264282
    }
  },
  "fused": {
    "logreg": {
      "val_acc": 0.6730310262529833,
      "val_macro_f1": 0.660358407256182,
      "val_kappa": 0.6616925098864312,
      "test_acc": 0.7014613778705637,
      "test_macro_f1": 0.6926999885205753,
      "test_kappa": 0.6910053817040107,
      "train_time_s": 6.508329629898071
    },
    "svm_linear": {
      "val_acc": 0.630071599045346,
      "val_macro_f1": 0.6076498736464037,
      "val_kappa": 0.6172433506014369,
      "test_acc": 0.6805845511482255,
      "test_macro_f1": 0.6567553586362437,
      "test_kappa": 0.6694018404907975,
      "train_time_s": 9917.361178398132
    },
    "knn": {
      "val_acc": 0.30071599045346065,
      "val_macro_f1": 0.2998582121756324,
      "val_kappa": 0.2763299832002123,
      "test_acc": 0.2860125260960334,
      "test_macro_f1": 0.28900137480167554,
      "test_kappa": 0.2610392129443765,
      "train_time_s": 0.7546303272247314
    },
    "rf": {
      "val_acc": 0.639618138424821,
      "val_macro_f1": 0.623139911714179,
      "val_kappa": 0.6269252541453405,
      "test_acc": 0.6638830897703549,
      "test_macro_f1": 0.6416916291398282,
      "test_kappa": 0.6520670068441545,
      "train_time_s": 346.55463433265686
    }
  }
}