{
  "acc": 0.9804055593529277,
  "macro_f1": 0.9705799765566557,
  "kappa": 0.9797086396895769
}