{
  "val_acc": 0.9581889581889582,
  "val_macro_f1": 0.9431974125269238,
  "val_kappa": 0.9567029504748646,
  "test_acc": 0.9589883800410116,
  "test_macro_f1": 0.939404814967028,
  "test_kappa": 0.9575297109781843,
  "train_time_s": 175.9334738254547
}