{
  "val_acc": 0.9838896306186026,
  "val_macro_f1": 0.9839108987907642,
  "val_kappa": 0.9833341006399337,
  "test_acc": 0.9848646249445184,
  "test_macro_f1": 0.9848689780415847,
  "test_kappa": 0.9843427154598466,
  "train_time_s": 2680.159295320511
}