{
  "acc": 0.9953839325343986,
  "macro_f1": 0.9953831037342822,
  "kappa": 0.9952247577942054
}