{
  "acc": 0.9813169286853497,
  "macro_f1": 0.9726539952922408,
  "kappa": 0.9806522772353236
}