{
  "acc": 0.9815447710184553,
  "macro_f1": 0.9716773525751581,
  "kappa": 0.9808883699401829
}