{
  "val_acc": 0.9544929544929545,
  "val_macro_f1": 0.9371926913656737,
  "val_kappa": 0.9528752198165079,
  "test_acc": 0.9578491683754842,
  "test_macro_f1": 0.9409409302143064,
  "test_kappa": 0.9563486572278934,
  "train_time_s": 513.9924864768982
}