,logreg,svm_linear,knn,rf
val_acc,0.3221957040572792,0.3723150357995227,0.36515513126491644,0.6252983293556086
val_macro_f1,0.30567377190341016,0.34841231112465404,0.32427617207294435,0.5949567841137644
val_kappa,0.298372641509434,0.35062493738840406,0.34288460064500526,0.6121994210963799
test_acc,0.3444676409185804,0.37160751565762007,0.38413361169102295,0.6346555323590815
test_macro_f1,0.3292774788578278,0.33756308839816007,0.3459579208544957,0.6135827204004607
test_kappa,0.32156034894945285,0.3498949399850301,0.3623909718117291,0.6218750845790892
train_time_s,1.4852795600891113,1.718782663345337,0.002530336380004883,20.477678298950195
