,logreg,svm_linear,knn,rf
val_acc,0.6754176610978521,0.6324582338902148,0.3054892601431981,0.6610978520286396
val_macro_f1,0.6670145138627793,0.6103999023361175,0.30385232432419357,0.6553664266194102
val_kappa,0.6641520109387524,0.6196880930769866,0.2812697102773438,0.6491159784390739
test_acc,0.6847599164926931,0.6764091858037579,0.2839248434237996,0.6597077244258872
test_macro_f1,0.6743148330895262,0.6526793969054254,0.28708726601905155,0.6470797020969997
test_kappa,0.6736733349575449,0.6650651869896693,0.25889522400447473,0.6476097199906121
train_time_s,6.067246675491333,11267.329492807388,2.0088086128234863,685.4457490444183
