,logreg,svm_linear,knn,rf
val_acc,0.2720763723150358,0.25059665871121717,0.3556085918854415,0.60381861575179
val_macro_f1,0.24417211602714958,0.20032473000970252,0.32655034930414684,0.5796925665308915
val_kappa,0.24658059191133108,0.22453141577272184,0.33288910379639347,0.5900074861329703
test_acc,0.2755741127348643,0.24217118997912318,0.3778705636743215,0.6555323590814196
test_macro_f1,0.25105984274106985,0.19823425469726172,0.3554718983050537,0.6332752278072444
test_kappa,0.25033037909027356,0.21588018832187905,0.35581088887284273,0.6435063441301574
train_time_s,0.5499989986419678,0.2836601734161377,0.0010094642639160156,9.654950857162476
