{
  "hog": {
    "logreg": {
      "val_acc": 0.6754176610978521,
      "val_macro_f1": 0.6670145138627793,
      "val_kappa": 0.6641520109387524,
      "test_acc": 0.6847599164926931,
      "test_macro_f1": 0.6743148330895262,
      "test_kappa": 0.6736733349575449,
      "train_time_s": 6.067246675491333
    },
    "svm_linear": {
      "val_acc": 0.6324582338902148,
      "val_macro_f1": 0.6103999023361175,
      "val_kappa": 0.6196880930769866,
      "test_acc": 0.6764091858037579,
      "test_macro_f1": 0.6526793969054254,
      "test_kappa": 0.6650651869896693,
      "train_time_s": 11267.329492807388
    },
    "knn": {
      "val_acc": 0.3054892601431981,
      "val_macro_f1": 0.30385232432419357,
      "val_kappa": 0.2812697102773438,
      "test_acc": 0.2839248434237996,
      "test_macro_f1": 0.28708726601905155,
      "test_kappa": 0.25889522400447473,
      "train_time_s": 2.0088086128234863
    },
    "rf": {
      "val_acc": 0.6610978520286396,
      "val_macro_f1": 0.6553664266194102,
      "val_kappa": 0.6491159784390739,
      "test_acc": 0.6597077244258872,
      "test_macro_f1": 0.6470797020969997,
      "test_kappa": 0.6476097199906121,
      "train_time_s": 685.4457490444183
    }
  },
  "lbp": {
    "logreg": {
      "val_acc": 0.2720763723150358,
      "val_macro_f1": 0.24417211602714958,
      "val_kappa": 0.24658059191133108,
      "test_acc": 0.2755741127348643,
      "test_macro_f1": 0.25105984274106985,
      "test_kappa": 0.25033037909027356,
      "train_time_s": 0.5499989986419678
    },
    "svm_linear": {
      "val_acc": 0.25059665871121717,
      "val_macro_f1": 0.20032473000970252,
      "val_kappa": 0.22453141577272184,
      "test_acc": 0.24217118997912318,
      "test_macro_f1": 0.19823425469726172,
      "test_kappa": 0.21588018832187905,
      "train_time_s": 0.2836601734161377
    },
    "knn": {
      "val_acc": 0.3556085918854415,
      "val_macro_f1": 0.32655034930414684,
      "val_kappa": 0.33288910379639347,
      "test_acc": 0.3778705636743215,
      "test_macro_f1": 0.3554718983050537,
      "test_kappa": 0.35581088887284273,
      "train_time_s": 0.0010094642639160156
    },
    "rf": {
      "val_acc": 0.60381861575179,
      "val_macro_f1": 0.5796925665308915,
      "val_kappa": 0.5900074861329703,
      "test_acc": 0.6555323590814196,
      "test_macro_f1": 0.6332752278072444,
      "test_kappa": 0.6435063441301574,
      "train_time_s": 9.654950857162476
    }
  },
  "glcm": {
    "logreg": {
      "val_acc": 0.3221957040572792,
      "val_macro_f1": 0.30567377190341016,
      "val_kappa": 0.298372641509434,
      "test_acc": 0.3444676409185804,
      "test_macro_f1": 0.3292774788578278,
      "test_kappa": 0.32156034894945285,
      "train_time_s": 1.4852795600891113
    },
    "svm_linear": {
      "val_acc": 0.3723150357995227,
      "val_macro_f1": 0.34841231112465404,
      "val_kappa": 0.35062493738840406,
      "test_acc": 0.37160751565762007,
      "test_macro_f1": 0.33756308839816007,
      "test_kappa": 0.3498949399850301,
      "train_time_s": 1.718782663345337
    },
    "knn": {
      "val_acc": 0.36515513126491644,
      "val_macro_f1": 0.32427617207294435,
      "val_kappa": 0.34288460064500526,
      "test_acc": 0.38413361169102295,
      "test_macro_f1": 0.3459579208544957,
      "test_kappa": 0.3623909718117291,
      "train_time_s": 0.002530336380004883
    },
    "rf": {
      "val_acc": 0.6252983293556086,
      "val_macro_f1": 0.5949567841137644,
      "val_kappa": 0.6121994210963799,
      "test_acc": 0.6346555323590815,
      "test_macro_f1": 0.6135827204004607,
      "test_kappa": 0.6218750845790892,
      "train_time_s": 20.477678298950195
    }
  },
  "edge": {
    "logreg": {
      "val_acc": 0.19809069212410502,
      "val_macro_f1": 0.18125866311796207,
      "val_kappa": 0.1701160672706803,
      "test_acc": 0.1941544885177453,
      "test_macro_f1": 0.1664253351834474,
      "test_kappa": 0.16611493464907134,
      "train_time_s": 0.5832915306091309
    },
    "svm_linear": {
      "val_acc": 0.2052505966587112,
      "val_macro_f1": 0.1581281184111373,
      "val_kappa": 0.1778068485159192,
      "test_acc": 0.19206680584551147,
      "test_macro_f1": 0.14894417055373474,
      "test_kappa": 0.16413179241837383,
      "train_time_s": 0.34068989753723145
    },
    "knn": {
      "val_acc": 0.3794749403341289,
      "val_macro_f1": 0.3520491398352719,
      "val_kappa": 0.35760827903411263,
      "test_acc": 0.3695198329853862,
      "test_macro_f1": 0.3418550242784471,
      "test_kappa": 0.34719057009923593,
      "train_time_s": 0.0009927749633789062
    },
    "rf": {
      "val_acc": 0.6348448687350835,
      "val_macro_f1": 0.6126315468568518,
      "val_kappa": 0.6221041958948845,
      "test_acc": 0.6304801670146137,
      "test_macro_f1": 0.609378202001151,
      "test_kappa": 0.6175519317951147,
      "train_time_s": 11.755380392074585
    }
  },
  "fused": {
    "logreg": {
      "val_acc": 0.6730310262529833,
      "val_macro_f1": 0.660358407256182,
      "val_kappa": 0.6616925098864312,
      "test_acc": 0.7014613778705637,
      "test_macro_f1": 0.6926999885205753,
      "test_kappa": 0.6910053817040107,
      "train_time_s": 8.063547611236572
    },
    "svm_linear": {
      "val_acc": 0.630071599045346,
      "val_macro_f1": 0.6076498736464037,
      "val_kappa": 0.6172433506014369,
      "test_acc": 0.6805845511482255,
      "test_macro_f1": 0.6567553586362437,
      "test_kappa": 0.6694018404907975,
      "train_time_s": 9892.632322311401
    },
    "knn": {
      "val_acc": 0.30071599045346065,
      "val_macro_f1": 0.2998582121756324,
      "val_kappa": 0.2763299832002123,
      "test_acc": 0.2860125260960334,
      "test_macro_f1": 0.28900137480167554,
      "test_kappa": 0.2610392129443765,
      "train_time_s": 2.1121304035186768
    },
    "rf": {
      "val_acc": 0.6324582338902148,
      "val_macro_f1": 0.6101083854418771,
      "val_kappa": 0.619580469053992,
      "test_acc": 0.6576200417536534,
      "test_macro_f1": 0.6332912808040386,
      "test_kappa": 0.645553399810495,
      "train_time_s": 575.7796046733856
    }
  }
}